INSERT INTO planets (name, X, Y, size) VALUES ("Asteroide",-90, -10, 1)
INSERT INTO planets (name, X, Y, size) VALUES ("Asteroide",-89, -8, 1)
INSERT INTO planets (name, X, Y, size) VALUES ("Asteroide",-89, -5, 1)
INSERT INTO planets (name, X, Y, size) VALUES ("Asteroide",-89, -3, 1)
INSERT INTO planets (name, X, Y, size) VALUES ("Asteroide",-88, -21, 1)
INSERT INTO planets (name, X, Y, size) VALUES ("Asteroide",-87, -20, 1)
INSERT INTO planets (name, X, Y, size) VALUES ("Asteroide",-87, -13, 1)
INSERT INTO planets (name, X, Y, size) VALUES ("Asteroide",-87, -9, 1)
INSERT INTO planets (name, X, Y, size) VALUES ("Asteroide",-87, -6, 1)
INSERT INTO planets (name, X, Y, size) VALUES ("Asteroide",-87, -3, 1)
INSERT INTO planets (name, X, Y, size) VALUES ("Asteroide",-86, -19, 1)
INSERT INTO planets (name, X, Y, size) VALUES ("Asteroide",-84, -28, 1)
INSERT INTO planets (name, X, Y, size) VALUES ("Asteroide",-83, -35, 1)
INSERT INTO planets (name, X, Y, size) VALUES ("Asteroide",-83, -22, 1)
INSERT INTO planets (name, X, Y, size) VALUES ("Asteroide",-83, -14, 1)
INSERT INTO planets (name, X, Y, size) VALUES ("Asteroide",-83, -12, 1)
INSERT INTO planets (name, X, Y, size) VALUES ("Asteroide",-82, -38, 1)
INSERT INTO planets (name, X, Y, size) VALUES ("Asteroide",-82, -29, 1)
INSERT INTO planets (name, X, Y, size) VALUES ("Asteroide",-82, -24, 1)
INSERT INTO planets (name, X, Y, size) VALUES ("Asteroide",-82, -16, 1)
INSERT INTO planets (name, X, Y, size) VALUES ("Asteroide",-82, -10, 1)
INSERT INTO planets (name, X, Y, size) VALUES ("Asteroide",-82, -7, 1)
INSERT INTO planets (name, X, Y, size) VALUES ("Asteroide",-82, -4, 1)
INSERT INTO planets (name, X, Y, size) VALUES ("Asteroide",-81, -32, 1)
INSERT INTO planets (name, X, Y, size) VALUES ("Asteroide",-81, -28, 1)
INSERT INTO planets (name, X, Y, size) VALUES ("Asteroide",-81, -13, 1)
INSERT INTO planets (name, X, Y, size) VALUES ("Asteroide",-80, -36, 1)
INSERT INTO planets (name, X, Y, size) VALUES ("Asteroide",-80, -25, 1)
INSERT INTO planets (name, X, Y, size) VALUES ("Asteroide",-80, -20, 1)
INSERT INTO planets (name, X, Y, size) VALUES ("Asteroide",-79, -39, 1)
INSERT INTO planets (name, X, Y, size) VALUES ("Asteroide",-79, -33, 1)
INSERT INTO planets (name, X, Y, size) VALUES ("Asteroide",-79, -32, 1)
INSERT INTO planets (name, X, Y, size) VALUES ("Asteroide",-79, -31, 1)
INSERT INTO planets (name, X, Y, size) VALUES ("Asteroide",-79, -25, 1)
INSERT INTO planets (name, X, Y, size) VALUES ("Asteroide",-78, -44, 1)
INSERT INTO planets (name, X, Y, size) VALUES ("Asteroide",-78, -39, 1)
INSERT INTO planets (name, X, Y, size) VALUES ("Asteroide",-78, -38, 1)
INSERT INTO planets (name, X, Y, size) VALUES ("Asteroide",-78, -34, 1)
INSERT INTO planets (name, X, Y, size) VALUES ("Asteroide",-78, -21, 1)
INSERT INTO planets (name, X, Y, size) VALUES ("Asteroide",-78, -17, 1)
INSERT INTO planets (name, X, Y, size) VALUES ("Asteroide",-78, -15, 1)
INSERT INTO planets (name, X, Y, size) VALUES ("Asteroide",-77, -47, 1)
INSERT INTO planets (name, X, Y, size) VALUES ("Asteroide",-77, -38, 1)
INSERT INTO planets (name, X, Y, size) VALUES ("Asteroide",-77, -37, 1)
INSERT INTO planets (name, X, Y, size) VALUES ("Asteroide",-77, -33, 1)
INSERT INTO planets (name, X, Y, size) VALUES ("Asteroide",-77, -27, 1)
INSERT INTO planets (name, X, Y, size) VALUES ("Asteroide",-77, -17, 1)
INSERT INTO planets (name, X, Y, size) VALUES ("Asteroide",-76, -50, 1)
INSERT INTO planets (name, X, Y, size) VALUES ("Asteroide",-76, -42, 1)
INSERT INTO planets (name, X, Y, size) VALUES ("Asteroide",-76, -38, 1)
INSERT INTO planets (name, X, Y, size) VALUES ("Asteroide",-76, -37, 1)
INSERT INTO planets (name, X, Y, size) VALUES ("Asteroide",-76, -36, 1)
INSERT INTO planets (name, X, Y, size) VALUES ("Asteroide",-76, -31, 1)
INSERT INTO planets (name, X, Y, size) VALUES ("Asteroide",-76, -13, 1)
INSERT INTO planets (name, X, Y, size) VALUES ("Asteroide",-75, -39, 1)
INSERT INTO planets (name, X, Y, size) VALUES ("Asteroide",-75, -35, 1)
INSERT INTO planets (name, X, Y, size) VALUES ("Asteroide",-75, -24, 1)
INSERT INTO planets (name, X, Y, size) VALUES ("Asteroide",-75, -14, 1)
INSERT INTO planets (name, X, Y, size) VALUES ("Asteroide",-74, -42, 1)
INSERT INTO planets (name, X, Y, size) VALUES ("Asteroide",-74, -41, 1)
INSERT INTO planets (name, X, Y, size) VALUES ("Asteroide",-74, -40, 1)
INSERT INTO planets (name, X, Y, size) VALUES ("Asteroide",-74, -35, 1)
INSERT INTO planets (name, X, Y, size) VALUES ("Asteroide",-74, -31, 1)
INSERT INTO planets (name, X, Y, size) VALUES ("Asteroide",-73, -46, 1)
INSERT INTO planets (name, X, Y, size) VALUES ("Asteroide",-73, -39, 1)
INSERT INTO planets (name, X, Y, size) VALUES ("Asteroide",-73, -37, 1);
INSERT INTO planets (name, X, Y, size) VALUES ("Asteroide",-73, -32, 1);
INSERT INTO planets (name, X, Y, size) VALUES ("Asteroide",-73, -31, 1);
INSERT INTO planets (name, X, Y, size) VALUES ("Asteroide",-73, -26, 1);
INSERT INTO planets (name, X, Y, size) VALUES ("Asteroide",-72, -42, 1);
INSERT INTO planets (name, X, Y, size) VALUES ("Asteroide",-72, -40, 1);
INSERT INTO planets (name, X, Y, size) VALUES ("Asteroide",-72, -38, 1);
INSERT INTO planets (name, X, Y, size) VALUES ("Asteroide",-72, -36, 1);
INSERT INTO planets (name, X, Y, size) VALUES ("Asteroide",-72, -34, 1);
INSERT INTO planets (name, X, Y, size) VALUES ("Asteroide",-72, -14, 1);
INSERT INTO planets (name, X, Y, size) VALUES ("Asteroide",-71, -44, 1);
INSERT INTO planets (name, X, Y, size) VALUES ("Asteroide",-71, -41, 1);
INSERT INTO planets (name, X, Y, size) VALUES ("Asteroide",-71, -40, 1);
INSERT INTO planets (name, X, Y, size) VALUES ("Asteroide",-71, -39, 1);
INSERT INTO planets (name, X, Y, size) VALUES ("Asteroide",-71, -35, 1);
INSERT INTO planets (name, X, Y, size) VALUES ("Asteroide",-70, -42, 1);
INSERT INTO planets (name, X, Y, size) VALUES ("Asteroide",-70, -32, 1);
INSERT INTO planets (name, X, Y, size) VALUES ("Asteroide",-69, -48, 1);
INSERT INTO planets (name, X, Y, size) VALUES ("Asteroide",-69, -44, 1);
INSERT INTO planets (name, X, Y, size) VALUES ("Asteroide",-69, -33, 1);
INSERT INTO planets (name, X, Y, size) VALUES ("Asteroide",-68, -52, 1);
INSERT INTO planets (name, X, Y, size) VALUES ("Asteroide",-68, -42, 1);
INSERT INTO planets (name, X, Y, size) VALUES ("Asteroide",-68, -41, 1);
INSERT INTO planets (name, X, Y, size) VALUES ("Asteroide",-68, -39, 1);
INSERT INTO planets (name, X, Y, size) VALUES ("Asteroide",-68, -37, 1);
INSERT INTO planets (name, X, Y, size) VALUES ("Asteroide",-68, -36, 1);
INSERT INTO planets (name, X, Y, size) VALUES ("Asteroide",-67, -62, 1);
INSERT INTO planets (name, X, Y, size) VALUES ("Asteroide",-67, -46, 1);
INSERT INTO planets (name, X, Y, size) VALUES ("Asteroide",-67, -44, 1);
INSERT INTO planets (name, X, Y, size) VALUES ("Asteroide",-66, -50, 1);
INSERT INTO planets (name, X, Y, size) VALUES ("Asteroide",-66, -38, 1);
INSERT INTO planets (name, X, Y, size) VALUES ("Asteroide",-65, -48, 1);
INSERT INTO planets (name, X, Y, size) VALUES ("Asteroide",-64, -56, 1);
INSERT INTO planets (name, X, Y, size) VALUES ("Asteroide",-64, -52, 1);
INSERT INTO planets (name, X, Y, size) VALUES ("Asteroide",-64, -46, 1);
INSERT INTO planets (name, X, Y, size) VALUES ("Asteroide",-64, -42, 1);
INSERT INTO planets (name, X, Y, size) VALUES ("Asteroide",-62, -46, 1);
INSERT INTO planets (name, X, Y, size) VALUES ("Asteroide",-61, -65, 1);
INSERT INTO planets (name, X, Y, size) VALUES ("Asteroide",-61, -56, 1);
INSERT INTO planets (name, X, Y, size) VALUES ("Asteroide",-61, -48, 1);
INSERT INTO planets (name, X, Y, size) VALUES ("Asteroide",-58, -52, 1);
INSERT INTO planets (name, X, Y, size) VALUES ("Asteroide",-55, -68, 1);
INSERT INTO planets (name, X, Y, size) VALUES ("Asteroide",-49, -72, 1);
INSERT INTO planets (name, X, Y, size) VALUES ("Asteroide",-44, -77, 1);
INSERT INTO planets (name, X, Y, size) VALUES ("Asteroide",-42, -81, 1);
INSERT INTO planets (name, X, Y, size) VALUES ("Asteroide",-39, -84, 1);
INSERT INTO planets (name, X, Y, size) VALUES ("Asteroide",-36, -84, 1);
INSERT INTO planets (name, X, Y, size) VALUES ("Asteroide",-33, -90, 1);
INSERT INTO planets (name, X, Y, size) VALUES ("Asteroide",-32, -91, 1);
INSERT INTO planets (name, X, Y, size) VALUES ("Asteroide",-32, -81, 1);
INSERT INTO planets (name, X, Y, size) VALUES ("Asteroide",-31, -95, 1);
INSERT INTO planets (name, X, Y, size) VALUES ("Asteroide",-31, -92, 1);
INSERT INTO planets (name, X, Y, size) VALUES ("Asteroide",-29, -98, 1);
INSERT INTO planets (name, X, Y, size) VALUES ("Asteroide",-29, -92, 1);
INSERT INTO planets (name, X, Y, size) VALUES ("Asteroide",-28, -95, 1);
INSERT INTO planets (name, X, Y, size) VALUES ("Asteroide",-26, -99, 1);
INSERT INTO planets (name, X, Y, size) VALUES ("Asteroide",-24, -97, 1);
INSERT INTO planets (name, X, Y, size) VALUES ("Asteroide",-23, -92, 1);
INSERT INTO planets (name, X, Y, size) VALUES ("Asteroide",-21, -98, 1);
INSERT INTO planets (name, X, Y, size) VALUES ("Asteroide",-19, -102, 1);
INSERT INTO planets (name, X, Y, size) VALUES ("Asteroide",-18, -93, 1);
INSERT INTO planets (name, X, Y, size) VALUES ("Asteroide",-17, 104" />
INSERT INTO planets (name, X, Y, size) VALUES ("Asteroide",-16, -97, 1);
INSERT INTO planets (name, X, Y, size) VALUES ("Asteroide",-13, -102, 1);
INSERT INTO planets (name, X, Y, size) VALUES ("Asteroide",-7, -102, 1);
INSERT INTO planets (name, X, Y, size) VALUES ("Asteroide",-6, -102, 1);
INSERT INTO planets (name, X, Y, size) VALUES ("Asteroide",-3, -102, 1);
INSERT INTO planets (name, X, Y, size) VALUES ("Asteroide",1, -102, 1);
INSERT INTO planets (name, X, Y, size) VALUES ("Asteroide",3, -102, 1);
INSERT INTO planets (name, X, Y, size) VALUES ("Asteroide",5, -102, 1);
INSERT INTO planets (name, X, Y, size) VALUES ("Asteroide",6, -102, 1);
INSERT INTO planets (name, X, Y, size) VALUES ("Asteroide",10, -107, 1);
INSERT INTO planets (name, X, Y, size) VALUES ("Asteroide",10, -102, 1);
INSERT INTO planets (name, X, Y, size) VALUES ("Asteroide",11, -102, 1);
INSERT INTO planets (name, X, Y, size) VALUES ("Asteroide",12, -102, 1);
INSERT INTO planets (name, X, Y, size) VALUES ("Asteroide",13, -102, 1);
INSERT INTO planets (name, X, Y, size) VALUES ("Asteroide",20, -102, 1);
INSERT INTO planets (name, X, Y, size) VALUES ("Asteroide",28, -111, 1);
INSERT INTO planets (name, X, Y, size) VALUES ("Asteroide",28, -109, 1);
INSERT INTO planets (name, X, Y, size) VALUES ("Asteroide",29, -102, 1);
INSERT INTO planets (name, X, Y, size) VALUES ("Asteroide",30, -107, 1);
INSERT INTO planets (name, X, Y, size) VALUES ("Asteroide",32, -102, 1);
INSERT INTO planets (name, X, Y, size) VALUES ("Asteroide",34, -110, 1);
INSERT INTO planets (name, X, Y, size) VALUES ("Asteroide",34, -107, 1);
INSERT INTO planets (name, X, Y, size) VALUES ("Asteroide",34, -102, 1);
INSERT INTO planets (name, X, Y, size) VALUES ("Asteroide",35, -108, 1);
INSERT INTO planets (name, X, Y, size) VALUES ("Asteroide",35, -107, 1);
INSERT INTO planets (name, X, Y, size) VALUES ("Asteroide",35, -103, 1);
INSERT INTO planets (name, X, Y, size) VALUES ("Asteroide",36, -107, 1);
INSERT INTO planets (name, X, Y, size) VALUES ("Asteroide",37, -103, 1);
INSERT INTO planets (name, X, Y, size) VALUES ("Asteroide",38, -104, 1);
INSERT INTO planets (name, X, Y, size) VALUES ("Asteroide",39, -103, 1);
INSERT INTO planets (name, X, Y, size) VALUES ("Asteroide",39, -102, 1);
INSERT INTO planets (name, X, Y, size) VALUES ("Asteroide",39, -100, 1);
INSERT INTO planets (name, X, Y, size) VALUES ("Asteroide",40, -103, 1);
INSERT INTO planets (name, X, Y, size) VALUES ("Asteroide",40, -102, 1);
INSERT INTO planets (name, X, Y, size) VALUES ("Asteroide",41, -103, 1);
INSERT INTO planets (name, X, Y, size) VALUES ("Asteroide",42, -103, 1);
INSERT INTO planets (name, X, Y, size) VALUES ("Asteroide",43, -96, 1);
INSERT INTO planets (name, X, Y, size) VALUES ("Asteroide",44, -104, 1);
INSERT INTO planets (name, X, Y, size) VALUES ("Asteroide",45, -103, 1);
INSERT INTO planets (name, X, Y, size) VALUES ("Asteroide",46, -104, 1);
INSERT INTO planets (name, X, Y, size) VALUES ("Asteroide",46, -99, 1);
INSERT INTO planets (name, X, Y, size) VALUES ("Asteroide",49, -105, 1);
INSERT INTO planets (name, X, Y, size) VALUES ("Asteroide",49, -104, 1);
INSERT INTO planets (name, X, Y, size) VALUES ("Asteroide",49, -103, 1);
INSERT INTO planets (name, X, Y, size) VALUES ("Asteroide",49, -101, 1) />
INSERT INTO planets (name, X, Y, size) VALUES ("Asteroide",50, -102, 1);
INSERT INTO planets (name, X, Y, size) VALUES ("Asteroide",50, -101, 1);
INSERT INTO planets (name, X, Y, size) VALUES ("Asteroide",51, -105, 1);
INSERT INTO planets (name, X, Y, size) VALUES ("Asteroide",51, -101, 1);
INSERT INTO planets (name, X, Y, size) VALUES ("Asteroide",52, -101, 1);
INSERT INTO planets (name, X, Y, size) VALUES ("Asteroide",52, -99, 1);
INSERT INTO planets (name, X, Y, size) VALUES ("Asteroide",53, -101, 1);
INSERT INTO planets (name, X, Y, size) VALUES ("Asteroide",54, -101, 1);
INSERT INTO planets (name, X, Y, size) VALUES ("Asteroide",55, -101, 1);
INSERT INTO planets (name, X, Y, size) VALUES ("Asteroide",57, -100, 1);
INSERT INTO planets (name, X, Y, size) VALUES ("Asteroide",57, -99, 1);
INSERT INTO planets (name, X, Y, size) VALUES ("Asteroide",58, -104, 1);
INSERT INTO planets (name, X, Y, size) VALUES ("Asteroide",58, -103, 1);
INSERT INTO planets (name, X, Y, size) VALUES ("Asteroide",58, -102, 1);
INSERT INTO planets (name, X, Y, size) VALUES ("Asteroide",59, -108, 1);
INSERT INTO planets (name, X, Y, size) VALUES ("Asteroide",59, -107, 1);
INSERT INTO planets (name, X, Y, size) VALUES ("Asteroide",61, -99, 1);
INSERT INTO planets (name, X, Y, size) VALUES ("Asteroide",62, -105, 1);
INSERT INTO planets (name, X, Y, size) VALUES ("Asteroide",62, -97, 1);
INSERT INTO planets (name, X, Y, size) VALUES ("Asteroide",64, -101, 1);
INSERT INTO planets (name, X, Y, size) VALUES ("Asteroide",64, -100, 1);
INSERT INTO planets (name, X, Y, size) VALUES ("Asteroide",65, -105, 1);
INSERT INTO planets (name, X, Y, size) VALUES ("Asteroide",65, -102, 1);
INSERT INTO planets (name, X, Y, size) VALUES ("Asteroide",65, -96, 1);
INSERT INTO planets (name, X, Y, size) VALUES ("Asteroide",67, -93, 1);
INSERT INTO planets (name, X, Y, size) VALUES ("Asteroide",72, -88, 1);
INSERT INTO planets (name, X, Y, size) VALUES ("Asteroide",100, -68, 1);
INSERT INTO planets (name, X, Y, size) VALUES ("Asteroide",101, -70, 1);
INSERT INTO planets (name, X, Y, size) VALUES ("Asteroide",102, -71, 1);
INSERT INTO planets (name, X, Y, size) VALUES ("Asteroide",102, -64, 1);
INSERT INTO planets (name, X, Y, size) VALUES ("Asteroide",103, -76, 1);
INSERT INTO planets (name, X, Y, size) VALUES ("Asteroide",103, -73, 1);
INSERT INTO planets (name, X, Y, size) VALUES ("Asteroide",104, -68, 1);
INSERT INTO planets (name, X, Y, size) VALUES ("Asteroide",106, -76, 1);
INSERT INTO planets (name, X, Y, size) VALUES ("Asteroide",121, -41, 1);
INSERT INTO planets (name, X, Y, size) VALUES ("Asteroide",122, -40, 1);
INSERT INTO planets (name, X, Y, size) VALUES ("Asteroide",122, -34, 1);
INSERT INTO planets (name, X, Y, size) VALUES ("Asteroide",123, -43, 1);
INSERT INTO planets (name, X, Y, size) VALUES ("Asteroide",123, -27, 1);
INSERT INTO planets (name, X, Y, size) VALUES ("Asteroide",124, -37, 1);
INSERT INTO planets (name, X, Y, size) VALUES ("Asteroide",124, -27, 1);
INSERT INTO planets (name, X, Y, size) VALUES ("Asteroide",125, -24, 1);
INSERT INTO planets (name, X, Y, size) VALUES ("Asteroide",126, -41, 1);
INSERT INTO planets (name, X, Y, size) VALUES ("Asteroide",126, -31, 1);
INSERT INTO planets (name, X, Y, size) VALUES ("Asteroide",127, -41, 1);
INSERT INTO planets (name, X, Y, size) VALUES ("Asteroide",127, -28, 1);
INSERT INTO planets (name, X, Y, size) VALUES ("Asteroide",127, -24, 1);
INSERT INTO planets (name, X, Y, size) VALUES ("Asteroide",127, -16, 1);
INSERT INTO planets (name, X, Y, size) VALUES ("Asteroide",128, -41, 1);
INSERT INTO planets (name, X, Y, size) VALUES ("Asteroide",128, -33, 1);
INSERT INTO planets (name, X, Y, size) VALUES ("Asteroide",128, -30, 1);
INSERT INTO planets (name, X, Y, size) VALUES ("Asteroide",128, -24, 1);
INSERT INTO planets (name, X, Y, size) VALUES ("Asteroide",128, -11, 1);
INSERT INTO planets (name, X, Y, size) VALUES ("Asteroide",129, -41, 1);
INSERT INTO planets (name, X, Y, size) VALUES ("Asteroide",129, -29, 1);
INSERT INTO planets (name, X, Y, size) VALUES ("Asteroide",129, -27, 1);
INSERT INTO planets (name, X, Y, size) VALUES ("Asteroide",129, -15, 1);
INSERT INTO planets (name, X, Y, size) VALUES ("Asteroide",130, -33, 1);
INSERT INTO planets (name, X, Y, size) VALUES ("Asteroide",130, -30, 1);
INSERT INTO planets (name, X, Y, size) VALUES ("Asteroide",130, -16, 1);
INSERT INTO planets (name, X, Y, size) VALUES ("Asteroide",130, -14, 1);
INSERT INTO planets (name, X, Y, size) VALUES ("Asteroide",130, -13, 1);
INSERT INTO planets (name, X, Y, size) VALUES ("Asteroide",130, -9, 1);
INSERT INTO planets (name, X, Y, size) VALUES ("Asteroide",131, -35, 1);
INSERT INTO planets (name, X, Y, size) VALUES ("Asteroide",131, -23, 1);
INSERT INTO planets (name, X, Y, size) VALUES ("Asteroide",131, -19, 1);
INSERT INTO planets (name, X, Y, size) VALUES ("Asteroide",131, -4, 1);
INSERT INTO planets (name, X, Y, size) VALUES ("Asteroide",132, -42, 1);
INSERT INTO planets (name, X, Y, size) VALUES ("Asteroide",132, -37, 1);
INSERT INTO planets (name, X, Y, size) VALUES ("Asteroide",132, -30, 1);
INSERT INTO planets (name, X, Y, size) VALUES ("Asteroide",132, -25, 1);
INSERT INTO planets (name, X, Y, size) VALUES ("Asteroide",132, -18, 1);
INSERT INTO planets (name, X, Y, size) VALUES ("Asteroide",132, -7, 1);
INSERT INTO planets (name, X, Y, size) VALUES ("Asteroide",132, -5, 1);
INSERT INTO planets (name, X, Y, size) VALUES ("Asteroide",132, -4, 1);
INSERT INTO planets (name, X, Y, size) VALUES ("Asteroide",133, -32, 1);
INSERT INTO planets (name, X, Y, size) VALUES ("Asteroide",133, -27, 1);
INSERT INTO planets (name, X, Y, size) VALUES ("Asteroide",133, -24, 1);
INSERT INTO planets (name, X, Y, size) VALUES ("Asteroide",133, -22, 1);
INSERT INTO planets (name, X, Y, size) VALUES ("Asteroide",133, -19, 1);
INSERT INTO planets (name, X, Y, size) VALUES ("Asteroide",133, -16, 1);
INSERT INTO planets (name, X, Y, size) VALUES ("Asteroide",133, -5, 1);
INSERT INTO planets (name, X, Y, size) VALUES ("Asteroide",133, -2, 1);
INSERT INTO planets (name, X, Y, size) VALUES ("Asteroide",134, -29, 1);
INSERT INTO planets (name, X, Y, size) VALUES ("Asteroide",134, -26, 1);
INSERT INTO planets (name, X, Y, size) VALUES ("Asteroide",134, -22, 1);
INSERT INTO planets (name, X, Y, size) VALUES ("Asteroide",134, -21, 1);
INSERT INTO planets (name, X, Y, size) VALUES ("Asteroide",134, -14, 1);
INSERT INTO planets (name, X, Y, size) VALUES ("Asteroide",134, -10, 1);
INSERT INTO planets (name, X, Y, size) VALUES ("Asteroide",135, -25, 1);
INSERT INTO planets (name, X, Y, size) VALUES ("Asteroide",135, -11, 1);
INSERT INTO planets (name, X, Y, size) VALUES ("Asteroide",135, -10, 1);
INSERT INTO planets (name, X, Y, size) VALUES ("Asteroide",136, -42, 1);
INSERT INTO planets (name, X, Y, size) VALUES ("Asteroide",136, -23, 1);
INSERT INTO planets (name, X, Y, size) VALUES ("Asteroide",136, -21, 1);
INSERT INTO planets (name, X, Y, size) VALUES ("Asteroide",136, -18, 1);
INSERT INTO planets (name, X, Y, size) VALUES ("Asteroide",136, -14, 1);
INSERT INTO planets (name, X, Y, size) VALUES ("Asteroide",136, -13, 1);
INSERT INTO planets (name, X, Y, size) VALUES ("Asteroide",136, -9, 1);
INSERT INTO planets (name, X, Y, size) VALUES ("Asteroide",136, -8, 1);
INSERT INTO planets (name, X, Y, size) VALUES ("Asteroide",136, -6, 1);
INSERT INTO planets (name, X, Y, size) VALUES ("Asteroide",136, -5, 1);
INSERT INTO planets (name, X, Y, size) VALUES ("Asteroide",137, -26, 1);
INSERT INTO planets (name, X, Y, size) VALUES ("Asteroide",137, -22, 1);
INSERT INTO planets (name, X, Y, size) VALUES ("Asteroide",137, -10, 1);
INSERT INTO planets (name, X, Y, size) VALUES ("Asteroide",137, -9, 1);
INSERT INTO planets (name, X, Y, size) VALUES ("Asteroide",137, -6, 1);
INSERT INTO planets (name, X, Y, size) VALUES ("Asteroide",138, -28, 1);
INSERT INTO planets (name, X, Y, size) VALUES ("Asteroide",138, -16, 1);
INSERT INTO planets (name, X, Y, size) VALUES ("Asteroide",138, -14, 1);
INSERT INTO planets (name, X, Y, size) VALUES ("Asteroide",138, -5, 1);
INSERT INTO planets (name, X, Y, size) VALUES ("Asteroide",139, -21, 1);
INSERT INTO planets (name, X, Y, size) VALUES ("Asteroide",139, -20, 1);
INSERT INTO planets (name, X, Y, size) VALUES ("Asteroide",141, -19, 1);
INSERT INTO planets (name, X, Y, size) VALUES ("Asteroide",141, -16, 1);
INSERT INTO planets (name, X, Y, size) VALUES ("Asteroide",141, -8, 1);
INSERT INTO planets (name, X, Y, size) VALUES ("Asteroide",142, -17, 1);
INSERT INTO planets (name, X, Y, size) VALUES ("Asteroide",142, -4, 1);
INSERT INTO planets (name, X, Y, size) VALUES ("Asteroide",143, -22, 1);
INSERT INTO planets (name, X, Y, size) VALUES ("Asteroide",143, -9, 1);
INSERT INTO planets (name, X, Y, size) VALUES ("Asteroide",143, -3, 1);
INSERT INTO planets (name, X, Y, size) VALUES ("Asteroide",144, -15, 1);
INSERT INTO planets (name, X, Y, size) VALUES ("Asteroide",-92, 0, 1);
INSERT INTO planets (name, X, Y, size) VALUES ("Asteroide",-92, 14, 1);
INSERT INTO planets (name, X, Y, size) VALUES ("Asteroide",-90, 12, 1);
INSERT INTO planets (name, X, Y, size) VALUES ("Asteroide",-89, 10, 1);
INSERT INTO planets (name, X, Y, size) VALUES ("Asteroide",-89, 15, 1);
INSERT INTO planets (name, X, Y, size) VALUES ("Asteroide",-86, 13, 1);
INSERT INTO planets (name, X, Y, size) VALUES ("Asteroide",-85, 3, 1);
INSERT INTO planets (name, X, Y, size) VALUES ("Asteroide",-85, 18, 1);
INSERT INTO planets (name, X, Y, size) VALUES ("Asteroide",-84, 5, 1);
INSERT INTO planets (name, X, Y, size) VALUES ("Asteroide",-84, 21, 1);
INSERT INTO planets (name, X, Y, size) VALUES ("Asteroide",-84, 22, 1);
INSERT INTO planets (name, X, Y, size) VALUES ("Asteroide",-84, 23, 1);
INSERT INTO planets (name, X, Y, size) VALUES ("Asteroide",-84, 28, 1);
INSERT INTO planets (name, X, Y, size) VALUES ("Asteroide",-84, 44, 1);
INSERT INTO planets (name, X, Y, size) VALUES ("Asteroide",-83, 10, 1);
INSERT INTO planets (name, X, Y, size) VALUES ("Asteroide",-83, 19, 1);
INSERT INTO planets (name, X, Y, size) VALUES ("Asteroide",-82, 2, 1);
INSERT INTO planets (name, X, Y, size) VALUES ("Asteroide",-82, 14, 1);
INSERT INTO planets (name, X, Y, size) VALUES ("Asteroide",-82, 17, 1);
INSERT INTO planets (name, X, Y, size) VALUES ("Asteroide",-82, 35, 1);
INSERT INTO planets (name, X, Y, size) VALUES ("Asteroide",-80, 22, 1);
INSERT INTO planets (name, X, Y, size) VALUES ("Asteroide",-79, 12, 1);
INSERT INTO planets (name, X, Y, size) VALUES ("Asteroide",-79, 19, 1);
INSERT INTO planets (name, X, Y, size) VALUES ("Asteroide",-76, 12, 1);
INSERT INTO planets (name, X, Y, size) VALUES ("Asteroide",-76, 20, 1);
INSERT INTO planets (name, X, Y, size) VALUES ("Asteroide",-75, 23, 1);
INSERT INTO planets (name, X, Y, size) VALUES ("Asteroide",-72, 26, 1);
INSERT INTO planets (name, X, Y, size) VALUES ("Asteroide",-72, 64, 1);
INSERT INTO planets (name, X, Y, size) VALUES ("Asteroide",-72, 66, 1);
INSERT INTO planets (name, X, Y, size) VALUES ("Asteroide",-69, 64, 1);
INSERT INTO planets (name, X, Y, size) VALUES ("Asteroide",-69, 65, 1);
INSERT INTO planets (name, X, Y, size) VALUES ("Asteroide",-69, 67, 1);
INSERT INTO planets (name, X, Y, size) VALUES ("Asteroide",-69, 73, 1);
INSERT INTO planets (name, X, Y, size) VALUES ("Asteroide",-68, 66, 1);
INSERT INTO planets (name, X, Y, size) VALUES ("Asteroide",-68, 71, 1);
INSERT INTO planets (name, X, Y, size) VALUES ("Asteroide",-67, 62, 1);
INSERT INTO planets (name, X, Y, size) VALUES ("Asteroide",-67, 66, 1);
INSERT INTO planets (name, X, Y, size) VALUES ("Asteroide",-67, 68, 1);
INSERT INTO planets (name, X, Y, size) VALUES ("Asteroide",-67, 77, 1);
INSERT INTO planets (name, X, Y, size) VALUES ("Asteroide",-66, 71, 1);
INSERT INTO planets (name, X, Y, size) VALUES ("Asteroide",-65, 76, 1);
INSERT INTO planets (name, X, Y, size) VALUES ("Asteroide",-65, 78, 1);
INSERT INTO planets (name, X, Y, size) VALUES ("Asteroide",-64, 66, 1);
INSERT INTO planets (name, X, Y, size) VALUES ("Asteroide",-64, 67, 1);
INSERT INTO planets (name, X, Y, size) VALUES ("Asteroide",-64, 72, 1);
INSERT INTO planets (name, X, Y, size) VALUES ("Asteroide",-63, 65, 1);
INSERT INTO planets (name, X, Y, size) VALUES ("Asteroide",-63, 69, 1);
INSERT INTO planets (name, X, Y, size) VALUES ("Asteroide",-63, 73, 1);
INSERT INTO planets (name, X, Y, size) VALUES ("Asteroide",-63, 74, 1);
INSERT INTO planets (name, X, Y, size) VALUES ("Asteroide",-63, 77, 1);
INSERT INTO planets (name, X, Y, size) VALUES ("Asteroide",-63, 82, 1);
INSERT INTO planets (name, X, Y, size) VALUES ("Asteroide",-62, 78, 1);
INSERT INTO planets (name, X, Y, size) VALUES ("Asteroide",-61, 63, 1);
INSERT INTO planets (name, X, Y, size) VALUES ("Asteroide",-61, 64, 1);
INSERT INTO planets (name, X, Y, size) VALUES ("Asteroide",-61, 66, 1);
INSERT INTO planets (name, X, Y, size) VALUES ("Asteroide",-61, 71, 1);
INSERT INTO planets (name, X, Y, size) VALUES ("Asteroide",-61, 73, 1);
INSERT INTO planets (name, X, Y, size) VALUES ("Asteroide",-61, 83, 1);
INSERT INTO planets (name, X, Y, size) VALUES ("Asteroide",-61, 86, 1);
INSERT INTO planets (name, X, Y, size) VALUES ("Asteroide",-60, 64, 1);
INSERT INTO planets (name, X, Y, size) VALUES ("Asteroide",-59, 70, 1);
INSERT INTO planets (name, X, Y, size) VALUES ("Asteroide",-59, 77, 1);
INSERT INTO planets (name, X, Y, size) VALUES ("Asteroide",-59, 80, 1);
INSERT INTO planets (name, X, Y, size) VALUES ("Asteroide",-59, 81, 1);
INSERT INTO planets (name, X, Y, size) VALUES ("Asteroide",-58, 77, 1);
INSERT INTO planets (name, X, Y, size) VALUES ("Asteroide",-58, 78, 1);
INSERT INTO planets (name, X, Y, size) VALUES ("Asteroide",-58, 85, 1);
INSERT INTO planets (name, X, Y, size) VALUES ("Asteroide",-58, 86, 1);
INSERT INTO planets (name, X, Y, size) VALUES ("Asteroide",-57, 62, 1);
INSERT INTO planets (name, X, Y, size) VALUES ("Asteroide",-57, 68, 1);
INSERT INTO planets (name, X, Y, size) VALUES ("Asteroide",-57, 74, 1);
INSERT INTO planets (name, X, Y, size) VALUES ("Asteroide",-57, 77, 1);
INSERT INTO planets (name, X, Y, size) VALUES ("Asteroide",-57, 81, 1);
INSERT INTO planets (name, X, Y, size) VALUES ("Asteroide",-57, 86, 1);
INSERT INTO planets (name, X, Y, size) VALUES ("Asteroide",-56, 80, 1);
INSERT INTO planets (name, X, Y, size) VALUES ("Asteroide",-56, 85, 1);
INSERT INTO planets (name, X, Y, size) VALUES ("Asteroide",-55, 76, 1);
INSERT INTO planets (name, X, Y, size) VALUES ("Asteroide",-55, 77, 1);
INSERT INTO planets (name, X, Y, size) VALUES ("Asteroide",-55, 78, 1);
INSERT INTO planets (name, X, Y, size) VALUES ("Asteroide",-55, 85, 1);
INSERT INTO planets (name, X, Y, size) VALUES ("Asteroide",-55, 86, 1);
INSERT INTO planets (name, X, Y, size) VALUES ("Asteroide",-54, 79, 1);
INSERT INTO planets (name, X, Y, size) VALUES ("Asteroide",-53, 76, 1);
INSERT INTO planets (name, X, Y, size) VALUES ("Asteroide",-53, 82, 1);
INSERT INTO planets (name, X, Y, size) VALUES ("Asteroide",-53, 85, 1);
INSERT INTO planets (name, X, Y, size) VALUES ("Asteroide",-53, 90, 1);
INSERT INTO planets (name, X, Y, size) VALUES ("Asteroide",-52, 73, 1);
INSERT INTO planets (name, X, Y, size) VALUES ("Asteroide",-52, 77, 1);
INSERT INTO planets (name, X, Y, size) VALUES ("Asteroide",-52, 78, 1);
INSERT INTO planets (name, X, Y, size) VALUES ("Asteroide",-52, 86, 1);
INSERT INTO planets (name, X, Y, size) VALUES ("Asteroide",-52, 90, 1);
INSERT INTO planets (name, X, Y, size) VALUES ("Asteroide",-52, 91, 1);
INSERT INTO planets (name, X, Y, size) VALUES ("Asteroide",-51, 77, 1);
INSERT INTO planets (name, X, Y, size) VALUES ("Asteroide",-51, 91, 1);
INSERT INTO planets (name, X, Y, size) VALUES ("Asteroide",-51, 94, 1);
INSERT INTO planets (name, X, Y, size) VALUES ("Asteroide",-50, 80, 1);
INSERT INTO planets (name, X, Y, size) VALUES ("Asteroide",-50, 82, 1);
INSERT INTO planets (name, X, Y, size) VALUES ("Asteroide",-50, 89, 1);
INSERT INTO planets (name, X, Y, size) VALUES ("Asteroide",-49, 78, 1);
INSERT INTO planets (name, X, Y, size) VALUES ("Asteroide",-49, 79, 1);
INSERT INTO planets (name, X, Y, size) VALUES ("Asteroide",-49, 82, 1);
INSERT INTO planets (name, X, Y, size) VALUES ("Asteroide",-49, 85, 1);
INSERT INTO planets (name, X, Y, size) VALUES ("Asteroide",-49, 86, 1);
INSERT INTO planets (name, X, Y, size) VALUES ("Asteroide",-48, 80, 1);
INSERT INTO planets (name, X, Y, size) VALUES ("Asteroide",-48, 85, 1);
INSERT INTO planets (name, X, Y, size) VALUES ("Asteroide",-48, 87, 1);
INSERT INTO planets (name, X, Y, size) VALUES ("Asteroide",-47, 76, 1);
INSERT INTO planets (name, X, Y, size) VALUES ("Asteroide",-47, 78, 1);
INSERT INTO planets (name, X, Y, size) VALUES ("Asteroide",-47, 88, 1);
INSERT INTO planets (name, X, Y, size) VALUES ("Asteroide",-47, 91, 1);
INSERT INTO planets (name, X, Y, size) VALUES ("Asteroide",-47, 92, 1);
INSERT INTO planets (name, X, Y, size) VALUES ("Asteroide",-47, 96, 1);
INSERT INTO planets (name, X, Y, size) VALUES ("Asteroide",-46, 86, 1);
INSERT INTO planets (name, X, Y, size) VALUES ("Asteroide",-46, 91, 1);
INSERT INTO planets (name, X, Y, size) VALUES ("Asteroide",-46, 92, 1);
INSERT INTO planets (name, X, Y, size) VALUES ("Asteroide",-46, 98, 1);
INSERT INTO planets (name, X, Y, size) VALUES ("Asteroide",-45, 90, 1);
INSERT INTO planets (name, X, Y, size) VALUES ("Asteroide",-45, 96, 1);
INSERT INTO planets (name, X, Y, size) VALUES ("Asteroide",-44, 87, 1);
INSERT INTO planets (name, X, Y, size) VALUES ("Asteroide",-44, 91, 1);
INSERT INTO planets (name, X, Y, size) VALUES ("Asteroide",-44, 94, 1);
INSERT INTO planets (name, X, Y, size) VALUES ("Asteroide",-44, 96, 1);
INSERT INTO planets (name, X, Y, size) VALUES ("Asteroide",-44, 99, 1);
INSERT INTO planets (name, X, Y, size) VALUES ("Asteroide",-43, 86, 1);
INSERT INTO planets (name, X, Y, size) VALUES ("Asteroide",-43, 102, 1);
INSERT INTO planets (name, X, Y, size) VALUES ("Asteroide",-42, 91, 1);
INSERT INTO planets (name, X, Y, size) VALUES ("Asteroide",-42, 93, 1);
INSERT INTO planets (name, X, Y, size) VALUES ("Asteroide",-42, 97, 1);
INSERT INTO planets (name, X, Y, size) VALUES ("Asteroide",-41, 89, 1);
INSERT INTO planets (name, X, Y, size) VALUES ("Asteroide",-41, 93, 1);
INSERT INTO planets (name, X, Y, size) VALUES ("Asteroide",-41, 102, 1);
INSERT INTO planets (name, X, Y, size) VALUES ("Asteroide",-41, 103, 1);
INSERT INTO planets (name, X, Y, size) VALUES ("Asteroide",-40, 86, 1);
INSERT INTO planets (name, X, Y, size) VALUES ("Asteroide",-40, 89, 1);
INSERT INTO planets (name, X, Y, size) VALUES ("Asteroide",-40, 90, 1);
INSERT INTO planets (name, X, Y, size) VALUES ("Asteroide",-40, 92, 1);
INSERT INTO planets (name, X, Y, size) VALUES ("Asteroide",-40, 98, 1);
INSERT INTO planets (name, X, Y, size) VALUES ("Asteroide",-40, 101, 1);
INSERT INTO planets (name, X, Y, size) VALUES ("Asteroide",-39, 90, 1);
INSERT INTO planets (name, X, Y, size) VALUES ("Asteroide",-39, 95, 1);
INSERT INTO planets (name, X, Y, size) VALUES ("Asteroide",-39, 102, 1);
INSERT INTO planets (name, X, Y, size) VALUES ("Asteroide",-37, 95, 1);
INSERT INTO planets (name, X, Y, size) VALUES ("Asteroide",-36, 97, 1);
INSERT INTO planets (name, X, Y, size) VALUES ("Asteroide",-36, 99, 1);
INSERT INTO planets (name, X, Y, size) VALUES ("Asteroide",-36, 102, 1);
INSERT INTO planets (name, X, Y, size) VALUES ("Asteroide",-35, 104, 1);
INSERT INTO planets (name, X, Y, size) VALUES ("Asteroide",-35, 107, 1);
INSERT INTO planets (name, X, Y, size) VALUES ("Asteroide",-34, 97, 1);
INSERT INTO planets (name, X, Y, size) VALUES ("Asteroide",-33, 95, 1);
INSERT INTO planets (name, X, Y, size) VALUES ("Asteroide",-33, 99, 1);
INSERT INTO planets (name, X, Y, size) VALUES ("Asteroide",-33, 100, 1);
INSERT INTO planets (name, X, Y, size) VALUES ("Asteroide",-33, 103, 1);
INSERT INTO planets (name, X, Y, size) VALUES ("Asteroide",-31, 95, 1);
INSERT INTO planets (name, X, Y, size) VALUES ("Asteroide",-31, 105, 1);
INSERT INTO planets (name, X, Y, size) VALUES ("Asteroide",-31, 107, 1);
INSERT INTO planets (name, X, Y, size) VALUES ("Asteroide",-30, 95, 1);
INSERT INTO planets (name, X, Y, size) VALUES ("Asteroide",-30, 98, 1);
INSERT INTO planets (name, X, Y, size) VALUES ("Asteroide",-30, 102, 1);
INSERT INTO planets (name, X, Y, size) VALUES ("Asteroide",-29, 97, 1);
INSERT INTO planets (name, X, Y, size) VALUES ("Asteroide",-29, 108, 1);
INSERT INTO planets (name, X, Y, size) VALUES ("Asteroide",-28, 105, 1);
INSERT INTO planets (name, X, Y, size) VALUES ("Asteroide",-27, 96, 1);
INSERT INTO planets (name, X, Y, size) VALUES ("Asteroide",-26, 107, 1);
INSERT INTO planets (name, X, Y, size) VALUES ("Asteroide",-26, 109, 1);
INSERT INTO planets (name, X, Y, size) VALUES ("Asteroide",-25, 110, 1);
INSERT INTO planets (name, X, Y, size) VALUES ("Asteroide",-24, 111, 1);
INSERT INTO planets (name, X, Y, size) VALUES ("Asteroide",-23, 109, 1);
INSERT INTO planets (name, X, Y, size) VALUES ("Asteroide",-21, 112, 1);
INSERT INTO planets (name, X, Y, size) VALUES ("Asteroide",-20, 110, 1);
INSERT INTO planets (name, X, Y, size) VALUES ("Asteroide",-19, 110, 1);
INSERT INTO planets (name, X, Y, size) VALUES ("Asteroide",-18, 112, 1);
INSERT INTO planets (name, X, Y, size) VALUES ("Asteroide",-18, 116, 1);
INSERT INTO planets (name, X, Y, size) VALUES ("Asteroide",-16, 110, 1);
INSERT INTO planets (name, X, Y, size) VALUES ("Asteroide",-15, 100, 1);
INSERT INTO planets (name, X, Y, size) VALUES ("Asteroide",-15, 112, 1);
INSERT INTO planets (name, X, Y, size) VALUES ("Asteroide",-14, 106, 1);
INSERT INTO planets (name, X, Y, size) VALUES ("Asteroide",-14, 109, 1);
INSERT INTO planets (name, X, Y, size) VALUES ("Asteroide",-14, 110, 1);
INSERT INTO planets (name, X, Y, size) VALUES ("Asteroide",-14, 113, 1);
INSERT INTO planets (name, X, Y, size) VALUES ("Asteroide",-14, 115, 1);
INSERT INTO planets (name, X, Y, size) VALUES ("Asteroide",-13, 103, 1);
INSERT INTO planets (name, X, Y, size) VALUES ("Asteroide",-12, 102, 1);
INSERT INTO planets (name, X, Y, size) VALUES ("Asteroide",-12, 103, 1);
INSERT INTO planets (name, X, Y, size) VALUES ("Asteroide",-12, 106, 1);
INSERT INTO planets (name, X, Y, size) VALUES ("Asteroide",-12, 110, 1);
INSERT INTO planets (name, X, Y, size) VALUES ("Asteroide",-11, 105, 1);
INSERT INTO planets (name, X, Y, size) VALUES ("Asteroide",-11, 110, 1);
INSERT INTO planets (name, X, Y, size) VALUES ("Asteroide",-11, 112, 1);
INSERT INTO planets (name, X, Y, size) VALUES ("Asteroide",-11, 115, 1);
INSERT INTO planets (name, X, Y, size) VALUES ("Asteroide",-11, 116, 1);
INSERT INTO planets (name, X, Y, size) VALUES ("Asteroide",-10, 110, 1);
INSERT INTO planets (name, X, Y, size) VALUES ("Asteroide",-9, 105, 1);
INSERT INTO planets (name, X, Y, size) VALUES ("Asteroide",-9, 116, 1);
INSERT INTO planets (name, X, Y, size) VALUES ("Asteroide",-8, 104, 1);
INSERT INTO planets (name, X, Y, size) VALUES ("Asteroide",-8, 106, 1);
INSERT INTO planets (name, X, Y, size) VALUES ("Asteroide",-8, 108, 1);
INSERT INTO planets (name, X, Y, size) VALUES ("Asteroide",-8, 110, 1);
INSERT INTO planets (name, X, Y, size) VALUES ("Asteroide",-8, 111, 1);
INSERT INTO planets (name, X, Y, size) VALUES ("Asteroide",-8, 115, 1);
INSERT INTO planets (name, X, Y, size) VALUES ("Asteroide",-7, 105, 1);
INSERT INTO planets (name, X, Y, size) VALUES ("Asteroide",-7, 110, 1);
INSERT INTO planets (name, X, Y, size) VALUES ("Asteroide",-7, 112, 1);
INSERT INTO planets (name, X, Y, size) VALUES ("Asteroide",-6, 110, 1);
INSERT INTO planets (name, X, Y, size) VALUES ("Asteroide",-6, 116, 1);
INSERT INTO planets (name, X, Y, size) VALUES ("Asteroide",-5, 114, 1);
INSERT INTO planets (name, X, Y, size) VALUES ("Asteroide",-4, 109, 1);
INSERT INTO planets (name, X, Y, size) VALUES ("Asteroide",-4, 110, 1);
INSERT INTO planets (name, X, Y, size) VALUES ("Asteroide",-3, 110, 1);
INSERT INTO planets (name, X, Y, size) VALUES ("Asteroide",-3, 114, 1);
INSERT INTO planets (name, X, Y, size) VALUES ("Asteroide",-3, 117, 1);
INSERT INTO planets (name, X, Y, size) VALUES ("Asteroide",-2, 111, 1);
INSERT INTO planets (name, X, Y, size) VALUES ("Asteroide",-2, 112, 1);
INSERT INTO planets (name, X, Y, size) VALUES ("Asteroide",-2, 115, 1);
INSERT INTO planets (name, X, Y, size) VALUES ("Asteroide",0, 108, 1);
INSERT INTO planets (name, X, Y, size) VALUES ("Asteroide",0, 112, 1);
INSERT INTO planets (name, X, Y, size) VALUES ("Asteroide",0, 115, 1);
INSERT INTO planets (name, X, Y, size) VALUES ("Asteroide",0, 116, 1);
INSERT INTO planets (name, X, Y, size) VALUES ("Asteroide",1, 110, 1);
INSERT INTO planets (name, X, Y, size) VALUES ("Asteroide",1, 116, 1);
INSERT INTO planets (name, X, Y, size) VALUES ("Asteroide",2, 108, 1);
INSERT INTO planets (name, X, Y, size) VALUES ("Asteroide",2, 111, 1);
INSERT INTO planets (name, X, Y, size) VALUES ("Asteroide",2, 113, 1);
INSERT INTO planets (name, X, Y, size) VALUES ("Asteroide",3, 106, 1);
INSERT INTO planets (name, X, Y, size) VALUES ("Asteroide",3, 117, 1);
INSERT INTO planets (name, X, Y, size) VALUES ("Asteroide",4, 115, 1);
INSERT INTO planets (name, X, Y, size) VALUES ("Asteroide",4, 119, 1);
INSERT INTO planets (name, X, Y, size) VALUES ("Asteroide",5, 107, 1);
INSERT INTO planets (name, X, Y, size) VALUES ("Asteroide",5, 109, 1);
INSERT INTO planets (name, X, Y, size) VALUES ("Asteroide",5, 110, 1);
INSERT INTO planets (name, X, Y, size) VALUES ("Asteroide",6, 110, 1);
INSERT INTO planets (name, X, Y, size) VALUES ("Asteroide",6, 111, 1);
INSERT INTO planets (name, X, Y, size) VALUES ("Asteroide",6, 114, 1);
INSERT INTO planets (name, X, Y, size) VALUES ("Asteroide",6, 115, 1);
INSERT INTO planets (name, X, Y, size) VALUES ("Asteroide",6, 117, 1);
INSERT INTO planets (name, X, Y, size) VALUES ("Asteroide",6, 121, 1);
INSERT INTO planets (name, X, Y, size) VALUES ("Asteroide",7, 112, 1);
INSERT INTO planets (name, X, Y, size) VALUES ("Asteroide",7, 114, 1);
INSERT INTO planets (name, X, Y, size) VALUES ("Asteroide",7, 117, 1);
INSERT INTO planets (name, X, Y, size) VALUES ("Asteroide",8, 119, 1);
INSERT INTO planets (name, X, Y, size) VALUES ("Asteroide",8, 120, 1);
INSERT INTO planets (name, X, Y, size) VALUES ("Asteroide",9, 108, 1);
INSERT INTO planets (name, X, Y, size) VALUES ("Asteroide",9, 110, 1);
INSERT INTO planets (name, X, Y, size) VALUES ("Asteroide",9, 112, 1);
INSERT INTO planets (name, X, Y, size) VALUES ("Asteroide",9, 113, 1);
INSERT INTO planets (name, X, Y, size) VALUES ("Asteroide",10, 105, 1);
INSERT INTO planets (name, X, Y, size) VALUES ("Asteroide",10, 114, 1);
INSERT INTO planets (name, X, Y, size) VALUES ("Asteroide",10, 116, 1);
INSERT INTO planets (name, X, Y, size) VALUES ("Asteroide",10, 117, 1);
INSERT INTO planets (name, X, Y, size) VALUES ("Asteroide",11, 110, 1);
INSERT INTO planets (name, X, Y, size) VALUES ("Asteroide",11, 111, 1);
INSERT INTO planets (name, X, Y, size) VALUES ("Asteroide",11, 112, 1);
INSERT INTO planets (name, X, Y, size) VALUES ("Asteroide",11, 114, 1);
INSERT INTO planets (name, X, Y, size) VALUES ("Asteroide",11, 115, 1);
INSERT INTO planets (name, X, Y, size) VALUES ("Asteroide",12, 107, 1);
INSERT INTO planets (name, X, Y, size) VALUES ("Asteroide",12, 115, 1);
INSERT INTO planets (name, X, Y, size) VALUES ("Asteroide",12, 116, 1);
INSERT INTO planets (name, X, Y, size) VALUES ("Asteroide",13, 111, 1);
INSERT INTO planets (name, X, Y, size) VALUES ("Asteroide",13, 112, 1);
INSERT INTO planets (name, X, Y, size) VALUES ("Asteroide",13, 118, 1);
INSERT INTO planets (name, X, Y, size) VALUES ("Asteroide",13, 120, 1);
INSERT INTO planets (name, X, Y, size) VALUES ("Asteroide",14, 110, 1);
INSERT INTO planets (name, X, Y, size) VALUES ("Asteroide",14, 116, 1);
INSERT INTO planets (name, X, Y, size) VALUES ("Asteroide",14, 120, 1);
INSERT INTO planets (name, X, Y, size) VALUES ("Asteroide",15, 112, 1);
INSERT INTO planets (name, X, Y, size) VALUES ("Asteroide",15, 119, 1);
INSERT INTO planets (name, X, Y, size) VALUES ("Asteroide",15, 120, 1);
INSERT INTO planets (name, X, Y, size) VALUES ("Asteroide",15, 121, 1);
INSERT INTO planets (name, X, Y, size) VALUES ("Asteroide",15, 122, 1);
INSERT INTO planets (name, X, Y, size) VALUES ("Asteroide",16, 114, 1);
INSERT INTO planets (name, X, Y, size) VALUES ("Asteroide",16, 116, 1);
INSERT INTO planets (name, X, Y, size) VALUES ("Asteroide",16, 119, 1);
INSERT INTO planets (name, X, Y, size) VALUES ("Asteroide",17, 119, 1);
INSERT INTO planets (name, X, Y, size) VALUES ("Asteroide",17, 120, 1);
INSERT INTO planets (name, X, Y, size) VALUES ("Asteroide",17, 124, 1);
INSERT INTO planets (name, X, Y, size) VALUES ("Asteroide",18, 114, 1);
INSERT INTO planets (name, X, Y, size) VALUES ("Asteroide",18, 115, 1);
INSERT INTO planets (name, X, Y, size) VALUES ("Asteroide",19, 113, 1);
INSERT INTO planets (name, X, Y, size) VALUES ("Asteroide",19, 121, 1);
INSERT INTO planets (name, X, Y, size) VALUES ("Asteroide",20, 112, 1);
INSERT INTO planets (name, X, Y, size) VALUES ("Asteroide",20, 113, 1);
INSERT INTO planets (name, X, Y, size) VALUES ("Asteroide",20, 114, 1);
INSERT INTO planets (name, X, Y, size) VALUES ("Asteroide",21, 114, 1);
INSERT INTO planets (name, X, Y, size) VALUES ("Asteroide",21, 116, 1);
INSERT INTO planets (name, X, Y, size) VALUES ("Asteroide",21, 118, 1);
INSERT INTO planets (name, X, Y, size) VALUES ("Asteroide",22, 109, 1);
INSERT INTO planets (name, X, Y, size) VALUES ("Asteroide",22, 112, 1);
INSERT INTO planets (name, X, Y, size) VALUES ("Asteroide",22, 114, 1);
INSERT INTO planets (name, X, Y, size) VALUES ("Asteroide",22, 115, 1);
INSERT INTO planets (name, X, Y, size) VALUES ("Asteroide",22, 122, 1);
INSERT INTO planets (name, X, Y, size) VALUES ("Asteroide",23, 119, 1);
INSERT INTO planets (name, X, Y, size) VALUES ("Asteroide",24, 109, 1);
INSERT INTO planets (name, X, Y, size) VALUES ("Asteroide",24, 121, 1);
INSERT INTO planets (name, X, Y, size) VALUES ("Asteroide",25, 111, 1);
INSERT INTO planets (name, X, Y, size) VALUES ("Asteroide",25, 114, 1);
INSERT INTO planets (name, X, Y, size) VALUES ("Asteroide",26, 109, 1);
INSERT INTO planets (name, X, Y, size) VALUES ("Asteroide",26, 110, 1);
INSERT INTO planets (name, X, Y, size) VALUES ("Asteroide",26, 114, 1);
INSERT INTO planets (name, X, Y, size) VALUES ("Asteroide",26, 116, 1);
INSERT INTO planets (name, X, Y, size) VALUES ("Asteroide",27, 116, 1);
INSERT INTO planets (name, X, Y, size) VALUES ("Asteroide",28, 114, 1);
INSERT INTO planets (name, X, Y, size) VALUES ("Asteroide",29, 112, 1);
INSERT INTO planets (name, X, Y, size) VALUES ("Asteroide",29, 113, 1);
INSERT INTO planets (name, X, Y, size) VALUES ("Asteroide",29, 122, 1);
INSERT INTO planets (name, X, Y, size) VALUES ("Asteroide",30, 110, 1);
INSERT INTO planets (name, X, Y, size) VALUES ("Asteroide",30, 114, 1);
INSERT INTO planets (name, X, Y, size) VALUES ("Asteroide",30, 118, 1);
INSERT INTO planets (name, X, Y, size) VALUES ("Asteroide",30, 124, 1);
INSERT INTO planets (name, X, Y, size) VALUES ("Asteroide",31, 112, 1);
INSERT INTO planets (name, X, Y, size) VALUES ("Asteroide",31, 122, 1);
INSERT INTO planets (name, X, Y, size) VALUES ("Asteroide",33, 115, 1);
INSERT INTO planets (name, X, Y, size) VALUES ("Asteroide",34, 110, 1);
INSERT INTO planets (name, X, Y, size) VALUES ("Asteroide",34, 119, 1);
INSERT INTO planets (name, X, Y, size) VALUES ("Asteroide",34, 122, 1);
INSERT INTO planets (name, X, Y, size) VALUES ("Asteroide",35, 112, 1);
INSERT INTO planets (name, X, Y, size) VALUES ("Asteroide",35, 116, 1);
INSERT INTO planets (name, X, Y, size) VALUES ("Asteroide",36, 110, 1);
INSERT INTO planets (name, X, Y, size) VALUES ("Asteroide",36, 114, 1);
INSERT INTO planets (name, X, Y, size) VALUES ("Asteroide",36, 125, 1);
INSERT INTO planets (name, X, Y, size) VALUES ("Asteroide",37, 118, 1);
INSERT INTO planets (name, X, Y, size) VALUES ("Asteroide",38, 110, 1);
INSERT INTO planets (name, X, Y, size) VALUES ("Asteroide",38, 114, 1);
INSERT INTO planets (name, X, Y, size) VALUES ("Asteroide",38, 121, 1);
INSERT INTO planets (name, X, Y, size) VALUES ("Asteroide",38, 122, 1);
INSERT INTO planets (name, X, Y, size) VALUES ("Asteroide",39, 108, 1);
INSERT INTO planets (name, X, Y, size) VALUES ("Asteroide",39, 110, 1);
INSERT INTO planets (name, X, Y, size) VALUES ("Asteroide",40, 113, 1);
INSERT INTO planets (name, X, Y, size) VALUES ("Asteroide",40, 120, 1);
INSERT INTO planets (name, X, Y, size) VALUES ("Asteroide",42, 110, 1);
INSERT INTO planets (name, X, Y, size) VALUES ("Asteroide",42, 112, 1);
INSERT INTO planets (name, X, Y, size) VALUES ("Asteroide",42, 121, 1);
INSERT INTO planets (name, X, Y, size) VALUES ("Asteroide",43, 113, 1);
INSERT INTO planets (name, X, Y, size) VALUES ("Asteroide",44, 115, 1);
INSERT INTO planets (name, X, Y, size) VALUES ("Asteroide",44, 116, 1) />
INSERT INTO planets (name, X, Y, size) VALUES ("Asteroide",44, 120, 1);
INSERT INTO planets (name, X, Y, size) VALUES ("Asteroide",45, 115, 1);
INSERT INTO planets (name, X, Y, size) VALUES ("Asteroide",45, 116, 1);
INSERT INTO planets (name, X, Y, size) VALUES ("Asteroide",45, 118, 1);
INSERT INTO planets (name, X, Y, size) VALUES ("Asteroide",46, 114, 1);
INSERT INTO planets (name, X, Y, size) VALUES ("Asteroide",46, 117, 1);
INSERT INTO planets (name, X, Y, size) VALUES ("Asteroide",47, 115, 1);
INSERT INTO planets (name, X, Y, size) VALUES ("Asteroide",48, 115, 1);
INSERT INTO planets (name, X, Y, size) VALUES ("Asteroide",48, 119, 1);
INSERT INTO planets (name, X, Y, size) VALUES ("Asteroide",50, 114, 1);
INSERT INTO planets (name, X, Y, size) VALUES ("Asteroide",50, 116, 1);
INSERT INTO planets (name, X, Y, size) VALUES ("Asteroide",50, 123, 1);
INSERT INTO planets (name, X, Y, size) VALUES ("Asteroide",51, 115, 1);
INSERT INTO planets (name, X, Y, size) VALUES ("Asteroide",52, 113, 1);
INSERT INTO planets (name, X, Y, size) VALUES ("Asteroide",53, 112, 1);
INSERT INTO planets (name, X, Y, size) VALUES ("Asteroide",53, 114, 1);
INSERT INTO planets (name, X, Y, size) VALUES ("Asteroide",54, 113, 1);
INSERT INTO planets (name, X, Y, size) VALUES ("Asteroide",55, 113, 1);
INSERT INTO planets (name, X, Y, size) VALUES ("Asteroide",56, 119, 1);
INSERT INTO planets (name, X, Y, size) VALUES ("Asteroide",57, 111, 1);
INSERT INTO planets (name, X, Y, size) VALUES ("Asteroide",57, 115, 1);
INSERT INTO planets (name, X, Y, size) VALUES ("Asteroide",58, 106, 1);
INSERT INTO planets (name, X, Y, size) VALUES ("Asteroide",58, 111, 1);
INSERT INTO planets (name, X, Y, size) VALUES ("Asteroide",58, 112, 1) />
INSERT INTO planets (name, X, Y, size) VALUES ("Asteroide",58, 116, 1);
INSERT INTO planets (name, X, Y, size) VALUES ("Asteroide",58, 118, 1);
INSERT INTO planets (name, X, Y, size) VALUES ("Asteroide",58, 119, 1);
INSERT INTO planets (name, X, Y, size) VALUES ("Asteroide",58, 120, 1);
INSERT INTO planets (name, X, Y, size) VALUES ("Asteroide",59, 104, 1);
INSERT INTO planets (name, X, Y, size) VALUES ("Asteroide",59, 111, 1);
INSERT INTO planets (name, X, Y, size) VALUES ("Asteroide",59, 117, 1);
INSERT INTO planets (name, X, Y, size) VALUES ("Asteroide",61, 109, 1);
INSERT INTO planets (name, X, Y, size) VALUES ("Asteroide",61, 115, 1);
INSERT INTO planets (name, X, Y, size) VALUES ("Asteroide",62, 119, 1);
INSERT INTO planets (name, X, Y, size) VALUES ("Asteroide",63, 110, 1);
INSERT INTO planets (name, X, Y, size) VALUES ("Asteroide",63, 112, 1);
INSERT INTO planets (name, X, Y, size) VALUES ("Asteroide",63, 114, 1);
INSERT INTO planets (name, X, Y, size) VALUES ("Asteroide",63, 115, 1);
INSERT INTO planets (name, X, Y, size) VALUES ("Asteroide",64, 109, 1);
INSERT INTO planets (name, X, Y, size) VALUES ("Asteroide",64, 110, 1);
INSERT INTO planets (name, X, Y, size) VALUES ("Asteroide",64, 111, 1);
INSERT INTO planets (name, X, Y, size) VALUES ("Asteroide",64, 113, 1);
INSERT INTO planets (name, X, Y, size) VALUES ("Asteroide",65, 108, 1);
INSERT INTO planets (name, X, Y, size) VALUES ("Asteroide",65, 109, 1);
INSERT INTO planets (name, X, Y, size) VALUES ("Asteroide",66, 103, 1);
INSERT INTO planets (name, X, Y, size) VALUES ("Asteroide",66, 106, 1);
INSERT INTO planets (name, X, Y, size) VALUES ("Asteroide",66, 108, 1);
INSERT INTO planets (name, X, Y, size) VALUES ("Asteroide",66, 109, 1);
INSERT INTO planets (name, X, Y, size) VALUES ("Asteroide",66, 110, 1);
INSERT INTO planets (name, X, Y, size) VALUES ("Asteroide",67, 108, 1);
INSERT INTO planets (name, X, Y, size) VALUES ("Asteroide",67, 109, 1);
INSERT INTO planets (name, X, Y, size) VALUES ("Asteroide",67, 110, 1);
INSERT INTO planets (name, X, Y, size) VALUES ("Asteroide",67, 111, 1);
INSERT INTO planets (name, X, Y, size) VALUES ("Asteroide",68, 105, 1);
INSERT INTO planets (name, X, Y, size) VALUES ("Asteroide",68, 109, 1);
INSERT INTO planets (name, X, Y, size) VALUES ("Asteroide",69, 112, 1);
INSERT INTO planets (name, X, Y, size) VALUES ("Asteroide",70, 105, 1);
INSERT INTO planets (name, X, Y, size) VALUES ("Asteroide",70, 107, 1);
INSERT INTO planets (name, X, Y, size) VALUES ("Asteroide",71, 104, 1);
INSERT INTO planets (name, X, Y, size) VALUES ("Asteroide",71, 106, 1);
INSERT INTO planets (name, X, Y, size) VALUES ("Asteroide",71, 110, 1);
INSERT INTO planets (name, X, Y, size) VALUES ("Asteroide",72, 109, 1);
INSERT INTO planets (name, X, Y, size) VALUES ("Asteroide",72, 114, 1);
INSERT INTO planets (name, X, Y, size) VALUES ("Asteroide",72, 116, 1);
INSERT INTO planets (name, X, Y, size) VALUES ("Asteroide",73, 108, 1);
INSERT INTO planets (name, X, Y, size) VALUES ("Asteroide",73, 113, 1);
INSERT INTO planets (name, X, Y, size) VALUES ("Asteroide",74, 106, 1);
INSERT INTO planets (name, X, Y, size) VALUES ("Asteroide",74, 108, 1);
INSERT INTO planets (name, X, Y, size) VALUES ("Asteroide",75, 108, 1);
INSERT INTO planets (name, X, Y, size) VALUES ("Asteroide",75, 113, 1);
INSERT INTO planets (name, X, Y, size) VALUES ("Asteroide",76, 107, 1);
INSERT INTO planets (name, X, Y, size) VALUES ("Asteroide",76, 109, 1);
INSERT INTO planets (name, X, Y, size) VALUES ("Asteroide",76, 111, 1);
INSERT INTO planets (name, X, Y, size) VALUES ("Asteroide",77, 104, 1);
INSERT INTO planets (name, X, Y, size) VALUES ("Asteroide",77, 107, 1);
INSERT INTO planets (name, X, Y, size) VALUES ("Asteroide",79, 105, 1);
INSERT INTO planets (name, X, Y, size) VALUES ("Asteroide",81, 109, 1);
INSERT INTO planets (name, X, Y, size) VALUES ("Asteroide",82, 92, 1);
INSERT INTO planets (name, X, Y, size) VALUES ("Asteroide",83, 95, 1);
INSERT INTO planets (name, X, Y, size) VALUES ("Asteroide",83, 107, 1);
INSERT INTO planets (name, X, Y, size) VALUES ("Asteroide",83, 109, 1);
INSERT INTO planets (name, X, Y, size) VALUES ("Asteroide",84, 100, 1);
INSERT INTO planets (name, X, Y, size) VALUES ("Asteroide",85, 104, 1);
INSERT INTO planets (name, X, Y, size) VALUES ("Asteroide",85, 105, 1);
INSERT INTO planets (name, X, Y, size) VALUES ("Asteroide",86, 97, 1);
INSERT INTO planets (name, X, Y, size) VALUES ("Asteroide",86, 99, 1);
INSERT INTO planets (name, X, Y, size) VALUES ("Asteroide",86, 103, 1);
INSERT INTO planets (name, X, Y, size) VALUES ("Asteroide",86, 106, 1);
INSERT INTO planets (name, X, Y, size) VALUES ("Asteroide",87, 90, 1);
INSERT INTO planets (name, X, Y, size) VALUES ("Asteroide",87, 105, 1);
INSERT INTO planets (name, X, Y, size) VALUES ("Asteroide",88, 100, 1);
INSERT INTO planets (name, X, Y, size) VALUES ("Asteroide",89, 96, 1);
INSERT INTO planets (name, X, Y, size) VALUES ("Asteroide",90, 98, 1);
INSERT INTO planets (name, X, Y, size) VALUES ("Asteroide",90, 99, 1);
INSERT INTO planets (name, X, Y, size) VALUES ("Asteroide",90, 100, 1);
INSERT INTO planets (name, X, Y, size) VALUES ("Asteroide",91, 98, 1);
INSERT INTO planets (name, X, Y, size) VALUES ("Asteroide",91, 106, 1);
INSERT INTO planets (name, X, Y, size) VALUES ("Asteroide",93, 98, 1);
INSERT INTO planets (name, X, Y, size) VALUES ("Asteroide",94, 96, 1);
INSERT INTO planets (name, X, Y, size) VALUES ("Asteroide",94, 99, 1);
INSERT INTO planets (name, X, Y, size) VALUES ("Asteroide",94, 101, 1);
INSERT INTO planets (name, X, Y, size) VALUES ("Asteroide",98, 98, 1);
INSERT INTO planets (name, X, Y, size) VALUES ("Asteroide",99, 84, 1);
INSERT INTO planets (name, X, Y, size) VALUES ("Asteroide",99, 90, 1);
INSERT INTO planets (name, X, Y, size) VALUES ("Asteroide",99, 91, 1);
INSERT INTO planets (name, X, Y, size) VALUES ("Asteroide",99, 92, 1);
INSERT INTO planets (name, X, Y, size) VALUES ("Asteroide",99, 95, 1);
INSERT INTO planets (name, X, Y, size) VALUES ("Asteroide",100, 83, 1);
INSERT INTO planets (name, X, Y, size) VALUES ("Asteroide",101, 83, 1);
INSERT INTO planets (name, X, Y, size) VALUES ("Asteroide",101, 92, 1);
INSERT INTO planets (name, X, Y, size) VALUES ("Asteroide",103, 90, 1);
INSERT INTO planets (name, X, Y, size) VALUES ("Asteroide",103, 93, 1);
INSERT INTO planets (name, X, Y, size) VALUES ("Asteroide",103, 98, 1);
INSERT INTO planets (name, X, Y, size) VALUES ("Asteroide",106, 87, 1);
INSERT INTO planets (name, X, Y, size) VALUES ("Asteroide",106, 94, 1);
INSERT INTO planets (name, X, Y, size) VALUES ("Asteroide",107, 88, 1);
INSERT INTO planets (name, X, Y, size) VALUES ("Asteroide",108, 86, 1);
INSERT INTO planets (name, X, Y, size) VALUES ("Asteroide",111, 65, 1);
INSERT INTO planets (name, X, Y, size) VALUES ("Asteroide",112, 67, 1);
INSERT INTO planets (name, X, Y, size) VALUES ("Asteroide",113, 84, 1);
INSERT INTO planets (name, X, Y, size) VALUES ("Asteroide",114, 81, 1);
INSERT INTO planets (name, X, Y, size) VALUES ("Asteroide",115, 69, 1);
INSERT INTO planets (name, X, Y, size) VALUES ("Asteroide",115, 79, 1);
INSERT INTO planets (name, X, Y, size) VALUES ("Asteroide",116, 84, 1);
INSERT INTO planets (name, X, Y, size) VALUES ("Asteroide",117, 74, 1);
INSERT INTO planets (name, X, Y, size) VALUES ("Asteroide",117, 83, 1);
INSERT INTO planets (name, X, Y, size) VALUES ("Asteroide",118, 69, 1);
INSERT INTO planets (name, X, Y, size) VALUES ("Asteroide",118, 77, 1);
INSERT INTO planets (name, X, Y, size) VALUES ("Asteroide",119, 65, 1);
INSERT INTO planets (name, X, Y, size) VALUES ("Asteroide",120, 66, 1);
INSERT INTO planets (name, X, Y, size) VALUES ("Asteroide",120, 72, 1);
INSERT INTO planets (name, X, Y, size) VALUES ("Asteroide",120, 76, 1);
	
